{"cameraMode":{"drawMode":0,"name":"Shaded","section":"Shading Mode"},"sceneLighting":true,"audioPlay":false,"sceneViewState":{"m_AlwaysRefresh":false,"showFog":true,"showSkybox":true,"showFlares":true,"showImageEffects":true,"showParticleSystems":true,"showVisualEffectGraphs":true,"m_FxEnabled":true},"in2DMode":false,"pivot":{"x":5.221041679382324,"y":18.139190673828126,"z":-21.308122634887697},"rotation":{"x":-0.0122859887778759,"y":-0.061859581619501117,"z":0.0007570275338366628,"w":-0.9980251789093018},"size":0.7717421054840088,"orthographic":false}